"Df","Sum Sq","Mean Sq","F value","Pr(>F)","factor","GDD","Year"
2,9338.43627082233,4669.21813541116,2.29059573462051,0.103066512593238,"Rep:Block","AUPC",2018
1,64.2575614905347,64.2575614905347,0.0206748907308236,0.886282898386001,"Rep","AUPC",2020
2,17754.5411695845,8877.27058479225,2.85626461806474,0.0675031549692912,"Rep:Block","AUPC",2020
2,7809.02475549711,3904.51237774855,2.02244862734957,0.133948456166868,"Rep:Block","AUPC",2021
