"Df","Sum Sq","Mean Sq","F value","Pr(>F)","factor","GDD","Year"
1,0.00103267391742221,0.00103267391742221,3.63321567583569,0.0576361095062352,"Rep","AVS",2018
2,0.00120176393552751,0.000600881967763754,2.11405918923165,0.122623306168323,"Rep:Block","AVS",2018
2,2.03499909461265e-05,1.01749954730633e-05,0.0717148691479822,0.930810542608806,"Rep:Block","AVS",2019
212,0.0905598856197725,0.00042716927179138,1.36527539738145,0.102281855802419,"taxa","AVS",2020
1,0.000889194384427717,0.000889194384427717,2.84195352221354,0.0984613055069465,"Rep","AVS",2020
2,0.000592906405221388,0.000296453202610694,0.947493864205159,0.394991397310202,"Rep:Block","AVS",2020
2,0.000172455194657284,8.62275973286421e-05,0.955353470352064,0.385703289019854,"Rep:Block","AVS",2021
