"PEV","Factor"
0.340690925798743,"genotype"
0.357919642872539,"year"
0.00436030348103996,"rep"
0.193971026948332,"GE"
0.0031293100689047,"block"
0.0999287908304412,"residual"
