"PEV","Factor"
0.27387295117183,"genotype"
0.260757062381368,"year"
0.00198522111659962,"rep"
0.269283701273416,"GE"
0.00215949067995624,"block"
0.19194157337683,"residual"
